,G20,한국,미국,중국
1955-01,,,101.4528,
1955-02,,,101.8108,
1955-03,,,102.1072,
1955-04,,,102.3159,
1955-05,,,102.4367,
1955-06,,,102.4769,
1955-07,,,102.4792,
1955-08,,,102.4646,
1955-09,,,102.4382,
1955-10,,,102.3839,
1955-11,,,102.2673,
1955-12,,,102.0639,
1956-01,,,101.7673,
1956-02,,,101.4234,
1956-03,,,101.0875,
1956-04,,,100.7746,
1956-05,,,100.5039,
1956-06,,,100.3183,
1956-07,,,100.2522,
1956-08,,,100.3065,
1956-09,,,100.4265,
1956-10,,,100.553,
1956-11,,,100.6369,
1956-12,,,100.6302,
1957-01,,,100.5135,
1957-02,,,100.3315,
1957-03,,,100.0886,
1957-04,,,99.82347,
1957-05,,,99.56524,
1957-06,,,99.28943,
1957-07,,,98.96224,
1957-08,,,98.56243,
1957-09,,,98.09294,
1957-10,,,97.59924,
1957-11,,,97.15201,
1957-12,,,96.80572,
1958-01,,,96.62221,
1958-02,,,96.63711,
1958-03,,,96.84535,
1958-04,,,97.22214,
1958-05,,,97.75175,
1958-06,,,98.38442,
1958-07,,,99.05339,
1958-08,,,99.71525,
1958-09,,,100.3505,
1958-10,,,100.96,
1958-11,,,101.5314,
1958-12,,,102.0523,
1959-01,,,102.5228,
1959-02,,,102.8982,
1959-03,,,103.1361,
1959-04,,,103.2113,
1959-05,,,103.1159,
1959-06,,,102.861,
1959-07,,,102.49,
1959-08,,,102.0788,
1959-09,,,101.6993,
1959-10,,,101.3937,
1959-11,,,101.1692,
1959-12,,,100.9923,
1960-01,,,100.7661,
1960-02,,,100.4585,
1960-03,,,100.1183,
1960-04,,,99.79691,
1960-05,,,99.51598,
1960-06,,,99.27024,
1960-07,,,99.03875,
1960-08,,,98.81904,
1960-09,,,98.60152,
1960-10,,,98.41479,
1960-11,,,98.29221,
1960-12,,,98.26967,
1961-01,100.748,,98.36669,
1961-02,100.8941,,98.60316,
1961-03,101.0841,,98.96487,
1961-04,101.2847,,99.39964,
1961-05,101.4579,,99.84333,
1961-06,101.5858,,100.2563,
1961-07,101.6546,,100.6121,
1961-08,101.6673,,100.9029,
1961-09,101.6354,,101.1149,
1961-10,101.5774,,101.245,
1961-11,101.5089,,101.2999,
1961-12,101.416,,101.2668,
1962-01,101.2586,,101.1384,
1962-02,101.0684,,100.9334,
1962-03,100.8505,,100.6541,
1962-04,100.6239,,100.3264,
1962-05,100.4053,,99.9956,
1962-06,100.211,,99.70747,
1962-07,100.0707,,99.50867,
1962-08,99.99185,,99.40807,
1962-09,99.97381,,99.40353,
1962-10,100.0059,,99.48112,
1962-11,100.0813,,99.62257,
1962-12,100.1831,,99.79321,
1963-01,100.3031,,99.96203,
1963-02,100.4431,,100.1085,
1963-03,100.6031,,100.2238,
1963-04,100.7623,,100.3044,
1963-05,100.894,,100.3347,
1963-06,100.9836,,100.3147,
1963-07,101.0408,,100.2661,
1963-08,101.0762,,100.2157,
1963-09,101.0976,,100.1879,
1963-10,101.103,,100.1783,
1963-11,101.0942,,100.182,
1963-12,101.0829,,100.2127,
1964-01,101.0766,,100.2824,
1964-02,101.063,,100.3686,
1964-03,101.043,,100.4646,
1964-04,101.0196,,100.5601,
1964-05,100.9975,,100.6474,
1964-06,100.9782,,100.7258,
1964-07,100.9523,,100.791,
1964-08,100.9139,,100.8346,
1964-09,100.8665,,100.8781,
1964-10,100.8098,,100.9273,
1964-11,100.7605,,100.999,
1964-12,100.7275,,101.0846,
1965-01,100.7067,,101.1603,
1965-02,100.6803,,101.2052,
1965-03,100.6304,,101.2067,
1965-04,100.5555,,101.1615,
1965-05,100.4756,,101.0886,
1965-06,100.4147,,101.021,
1965-07,100.3981,,100.9967,
1965-08,100.4388,,101.0355,
1965-09,100.5385,,101.1444,
1965-10,100.6896,,101.3116,
1965-11,100.8743,,101.51,
1965-12,101.0684,,101.7003,
1966-01,101.2388,,101.8354,
1966-02,101.3449,,101.8683,
1966-03,101.3603,,101.7729,
1966-04,101.2691,,101.5519,
1966-05,101.0739,,101.2309,
1966-06,100.807,,100.8715,
1966-07,100.4971,,100.5039,
1966-08,100.1748,,100.1478,
1966-09,99.87501,,99.80796,
1966-10,99.61096,,99.47874,
1966-11,99.39876,,99.17326,
1966-12,99.23876,,98.9122,
1967-01,99.14924,,98.7207,
1967-02,99.12391,,98.61681,
1967-03,99.16962,,98.63155,
1967-04,99.28712,,98.76908,
1967-05,99.46532,,99.01586,
1967-06,99.68121,,99.32473,
1967-07,99.91431,,99.656,
1967-08,100.1466,,99.97546,
1967-09,100.3587,,100.2505,
1967-10,100.5316,,100.4692,
1967-11,100.6539,,100.6269,
1967-12,100.7252,,100.7252,
1968-01,100.7552,,100.7606,
1968-02,100.772,,100.7641,
1968-03,100.7962,,100.7568,
1968-04,100.8453,,100.7504,
1968-05,100.9273,,100.753,
1968-06,101.0483,,100.7785,
1968-07,101.213,,100.8404,
1968-08,101.4106,,100.9503,
1968-09,101.6175,,101.1084,
1968-10,101.8043,,101.2656,
1968-11,101.941,,101.3642,
1968-12,102.0133,,101.3841,
1969-01,102.0279,,101.3301,
1969-02,102.0095,,101.2107,
1969-03,101.9609,,101.0355,
1969-04,101.8796,,100.8057,
1969-05,101.7533,,100.5269,
1969-06,101.5922,,100.2445,
1969-07,101.4138,,99.99428,
1969-08,101.2339,,99.78573,
1969-09,101.0479,,99.59566,
1969-10,100.8553,,99.38898,
1969-11,100.6607,,99.14603,
1969-12,100.4652,,98.8625,
1970-01,100.267,,98.54686,
1970-02,100.0669,,98.23377,
1970-03,99.86649,,97.95367,
1970-04,99.67323,,97.73325,
1970-05,99.50459,,97.60184,
1970-06,99.36787,,97.55108,
1970-07,99.25214,,97.5516,
1970-08,99.15902,,97.59447,
1970-09,99.10134,,97.69803,
1970-10,99.09839,,97.89491,
1970-11,99.17072,,98.2234,
1970-12,99.31184,,98.6749,
1971-01,99.48291,,99.1667,
1971-02,99.64829,,99.60576,
1971-03,99.78764,,99.93349,
1971-04,99.89915,,100.1464,
1971-05,99.98476,,100.2553,
1971-06,100.0509,,100.2928,
1971-07,100.113,,100.3005,
1971-08,100.1799,,100.3231,
1971-09,100.2805,,100.4069,
1971-10,100.4444,,100.5861,
1971-11,100.6859,,100.8742,
1971-12,101.0009,,101.252,
1972-01,101.3517,,101.6477,
1972-02,101.7062,,102.0013,
1972-03,102.0492,,102.2787,
1972-04,102.3717,,102.4835,
1972-05,102.6663,,102.6405,
1972-06,102.9353,,102.7791,
1972-07,103.2007,,102.9357,
1972-08,103.4852,,103.1343,
1972-09,103.7833,,103.3536,
1972-10,104.0782,,103.5588,
1972-11,104.3419,,103.7226,
1972-12,104.5403,,103.8094,
1973-01,104.6464,,103.7951,
1973-02,104.6204,,103.6696,
1973-03,104.5014,,103.4293,
1973-04,104.2995,,103.0923,
1973-05,104.0413,,102.6972,
1973-06,103.7533,,102.2919,
1973-07,103.4534,,101.9149,
1973-08,103.1524,,101.589,
1973-09,102.844,,101.3294,
1973-10,102.5221,,101.1193,
1973-11,102.1679,,100.9129,
1973-12,101.788,,100.6926,
1974-01,101.4044,,100.468,
1974-02,101.0156,,100.2127,
1974-03,100.6046,,99.90549,
1974-04,100.1615,,99.52966,
1974-05,99.68299,,99.09306,
1974-06,99.16592,,98.60809,
1974-07,98.61195,,98.08801,
1974-08,98.03079,,97.53594,
1974-09,97.4502,,96.96291,
1974-10,96.92362,,96.42327,
1974-11,96.51038,,95.96571,
1974-12,96.26171,,95.65821,
1975-01,96.21052,,95.56193,
1975-02,96.33961,,95.66686,
1975-03,96.60977,,95.94124,
1975-04,96.98671,,96.351,
1975-05,97.43113,,96.83178,
1975-06,97.91137,,97.33797,
1975-07,98.40358,,97.83862,
1975-08,98.89377,,98.30816,
1975-09,99.37876,,98.74406,
1975-10,99.84329,,99.15773,
1975-11,100.2816,,99.56203,
1975-12,100.6858,,99.96461,
1976-01,101.0349,,100.3493,
1976-02,101.3073,,100.6735,
1976-03,101.4952,,100.9046,
1976-04,101.6069,,101.0433,
1976-05,101.6466,,101.1024,
1976-06,101.6253,,101.1097,
1976-07,101.5592,,101.0895,
1976-08,101.4626,,101.0584,
1976-09,101.36,,101.0454,
1976-10,101.2758,,101.0746,
1976-11,101.2236,,101.1699,
1976-12,101.1937,,101.3251,
1977-01,101.1693,,101.5094,
1977-02,101.1386,,101.6989,
1977-03,101.0947,,101.8656,
1977-04,101.0387,,101.9769,
1977-05,100.9847,,102.0255,
1977-06,100.942,,102.0121,
1977-07,100.9248,,101.9489,
1977-08,100.936,,101.8573,
1977-09,100.9721,,101.7652,
1977-10,101.0262,,101.6886,
1977-11,101.088,,101.6289,
1977-12,101.1606,,101.5915,
1978-01,101.2515,,101.5876,
1978-02,101.3673,,101.6275,
1978-03,101.5305,,101.7448,
1978-04,101.7284,,101.9104,
1978-05,101.9388,,102.0783,
1978-06,102.1462,,102.2055,
1978-07,102.3347,,102.2677,
1978-08,102.4847,,102.2556,
1978-09,102.5861,,102.1711,
1978-10,102.6268,,102.0216,
1978-11,102.6216,,101.8284,
1978-12,102.5999,,101.6277,
1979-01,102.5852,,101.4494,
1979-02,102.5805,,101.2757,
1979-03,102.5637,,101.0755,
1979-04,102.5065,,100.8352,
1979-05,102.4008,,100.5742,
1979-06,102.246,,100.3033,
1979-07,102.0546,,100.0353,
1979-08,101.8425,,99.78161,
1979-09,101.6137,,99.53275,
1979-10,101.3636,,99.26878,
1979-11,101.0911,,98.98734,
1979-12,100.8008,,98.69547,
1980-01,100.4945,,98.39497,
1980-02,100.1625,,98.06933,
1980-03,99.82616,,97.75936,
1980-04,99.54926,,97.58753,
1980-05,99.39468,,97.64595,
1980-06,99.39442,,97.96921,
1980-07,99.51889,,98.48536,
1980-08,99.71011,,99.06625,
1980-09,99.9101,,99.57438,
1980-10,100.0653,,99.91014,
1980-11,100.1574,,100.0474,
1980-12,100.2002,,100.0311,
1981-01,100.221,,99.93719,
1981-02,100.2324,,99.81715,
1981-03,100.2351,,99.69592,
1981-04,100.2055,,99.54245,
1981-05,100.1219,,99.3276,
1981-06,99.99676,,99.06714,
1981-07,99.85894,,98.7953,
1981-08,99.71957,,98.51687,
1981-09,99.57752,,98.2104,
1981-10,99.43728,,97.88863,
1981-11,99.30148,,97.57244,
1981-12,99.17325,,97.28609,
1982-01,99.04349,,97.01674,
1982-02,98.8237,,96.74614,
1982-03,98.57418,,96.50265,
1982-04,98.31594,,96.33302,
1982-05,98.07588,,96.25418,
1982-06,97.86701,,96.27253,
1982-07,97.71049,,96.37582,
1982-08,97.63187,,96.55002,
1982-09,97.65069,,96.79909,
1982-10,97.76817,,97.11744,
1982-11,97.97373,,97.51675,
1982-12,98.25999,,98.00565,
1983-01,98.60387,,98.57099,
1983-02,98.96802,,99.18552,
1983-03,99.3409,,99.81844,
1983-04,99.70602,,100.4366,
1983-05,100.0431,,101.0052,
1983-06,100.3456,,101.4914,
1983-07,100.6007,,101.879,
1983-08,100.8066,,102.1684,
1983-09,100.9702,,102.3799,
1983-10,101.1015,,102.5213,
1983-11,101.1952,,102.5981,
1983-12,101.2482,,102.6126,
1984-01,101.258,,102.5689,
1984-02,101.2188,,102.4565,
1984-03,101.1351,,102.2681,
1984-04,101.0193,,102.0121,
1984-05,100.8875,,101.7177,
1984-06,100.7447,,101.4089,
1984-07,100.6087,,101.1177,
1984-08,100.4879,,100.8629,
1984-09,100.3838,,100.6617,
1984-10,100.3111,,100.5204,
1984-11,100.2828,,100.4252,
1984-12,100.2968,,100.3546,
1985-01,100.3292,,100.3,
1985-02,100.3469,,100.2486,
1985-03,100.3493,,100.2063,
1985-04,100.3312,,100.1718,
1985-05,100.2899,,100.1414,
1985-06,100.228,,100.1154,
1985-07,100.1471,,100.0836,
1985-08,100.061,,100.0551,
1985-09,99.98709,,100.035,
1985-10,99.9293,,100.0294,
1985-11,99.88812,,100.0446,
1985-12,99.86137,,100.0766,
1986-01,99.84911,,100.103,
1986-02,99.83942,,100.1122,
1986-03,99.82597,,100.1047,
1986-04,99.80642,,100.0897,
1986-05,99.77747,,100.0721,
1986-06,99.75206,,100.0402,
1986-07,99.73666,,99.9898,
1986-08,99.73555,,99.93523,
1986-09,99.7482,,99.88474,
1986-10,99.77246,,99.84824,
1986-11,99.82459,,99.84811,
1986-12,99.92132,,99.91191,
1987-01,100.0736,,100.0531,
1987-02,100.2704,,100.2553,
1987-03,100.503,,100.4849,
1987-04,100.75,,100.7022,
1987-05,100.9857,,100.8851,
1987-06,101.1758,,101.0146,
1987-07,101.2916,,101.0706,
1987-08,101.3226,,101.0324,
1987-09,101.2737,,100.9062,
1987-10,101.1647,,100.7226,
1987-11,101.039,,100.5352,
1987-12,100.9408,,100.4032,
1988-01,100.8167,,100.3345,
1988-02,100.741,,100.3208,
1988-03,100.7085,,100.351,
1988-04,100.715,,100.4103,
1988-05,100.7512,,100.4854,
1988-06,100.806,,100.5547,
1988-07,100.8639,,100.5964,
1988-08,100.923,,100.6148,
1988-09,100.971,,100.6193,
1988-10,101.009,,100.6184,
1988-11,101.0348,,100.6123,
1988-12,101.0361,,100.5932,
1989-01,101.0094,,100.5387,
1989-02,100.9767,,100.4303,
1989-03,100.9238,,100.2753,
1989-04,100.8497,,100.1006,
1989-05,100.7594,,99.93286,
1989-06,100.6714,,99.80276,
1989-07,100.5935,,99.72258,
1989-08,100.5308,,99.69064,
1989-09,100.4843,,99.69212,
1989-10,100.457,,99.70567,
1989-11,100.4549,,99.72877,
1989-12,100.4726,,99.7586,
1990-01,100.4998,100.51,99.79264,
1990-02,100.521,100.4997,99.82307,
1990-03,100.5268,100.5641,99.82236,
1990-04,100.4954,100.6304,99.74711,
1990-05,100.4161,100.6483,99.57603,
1990-06,100.2663,100.5903,99.28934,
1990-07,100.0447,100.4291,98.89271,
1990-08,99.75885,100.1713,98.4174,
1990-09,99.44739,99.84827,97.93626,
1990-10,99.14735,99.51939,97.51847,
1990-11,98.90051,99.24211,97.22967,
1990-12,98.7468,99.05163,97.11523,
1991-01,98.69691,98.95638,97.17487,
1991-02,98.75002,98.98149,97.39162,
1991-03,98.88338,99.09097,97.71348,
1991-04,99.04941,99.23442,98.08011,
1991-05,99.2105,99.34604,98.44848,
1991-06,99.34509,99.36153,98.78544,
1991-07,99.4323,99.27074,99.04365,
1991-08,99.45452,99.01366,99.18416,
1991-09,99.42345,98.70226,99.21346,
1991-10,99.35743,98.36447,99.16421,
1991-11,99.286,98.00764,99.09071,
1991-12,99.24139,97.66846,99.05661,
1992-01,99.24448,97.39878,99.10656,
1992-02,99.28194,97.23449,99.23228,
1992-03,99.33247,97.18607,99.40218,
1992-04,99.36272,97.19392,99.55629,
1992-05,99.34471,97.22546,99.65401,100.5691
1992-06,99.29321,97.26673,99.68332,100.8778
1992-07,99.19867,97.31989,99.67242,101.1525
1992-08,99.09048,97.39674,99.66218,101.3872
1992-09,99.0039,97.50542,99.69567,101.5828
1992-10,98.95661,97.6366,99.79694,101.7417
1992-11,98.95297,97.78377,99.94357,101.8554
1992-12,98.9777,97.92599,100.0751,101.9257
1993-01,99.00945,98.04948,100.1394,101.9572
1993-02,99.03355,98.19193,100.1227,101.9558
1993-03,99.04047,98.38906,100.0313,101.92
1993-04,99.03415,98.65634,99.8968,101.8434
1993-05,99.02195,98.96775,99.74028,101.7255
1993-06,99.02048,99.30108,99.60869,101.5642
1993-07,99.05132,99.63029,99.53703,101.3633
1993-08,99.12623,99.9348,99.55097,101.1537
1993-09,99.24381,100.1965,99.65649,100.9829
1993-10,99.39822,100.4056,99.84364,100.8778
1993-11,99.57869,100.5645,100.0814,100.8521
1993-12,99.77715,100.6822,100.3448,100.8982
1994-01,99.97443,100.7736,100.5917,100.9795
1994-02,100.1383,100.8907,100.7931,101.0677
1994-03,100.286,101.0523,100.9429,101.1407
1994-04,100.4243,101.2539,101.0376,101.1783
1994-05,100.5727,101.4633,101.0797,101.1676
1994-06,100.7182,101.6654,101.0754,101.1128
1994-07,100.8506,101.8592,101.0394,101.0225
1994-08,100.9593,102.0374,100.9867,100.918
1994-09,101.0199,102.1894,100.9185,100.8217
1994-10,101.0222,102.3044,100.8274,100.7513
1994-11,100.9567,102.3489,100.69,100.7235
1994-12,100.8233,102.3032,100.4953,100.7367
1995-01,100.6403,102.1851,100.238,100.7953
1995-02,100.44,102.2954,99.92004,100.8836
1995-03,100.2467,102.3846,99.57273,100.9686
1995-04,100.0916,102.4488,99.24932,101.0446
1995-05,99.98965,102.4862,98.99387,101.1093
1995-06,99.93512,102.4923,98.82362,101.1686
1995-07,99.91978,102.4495,98.72524,101.2395
1995-08,99.9227,102.3492,98.66405,101.2836
1995-09,99.92392,102.1933,98.61124,101.2687
1995-10,99.925,101.985,98.56672,101.2062
1995-11,99.93151,101.7375,98.54521,101.1156
1995-12,99.94697,101.4618,98.56164,101.0379
1996-01,99.97694,101.1713,98.62812,101.0113
1996-02,100.0301,100.8789,98.75249,101.0668
1996-03,100.1115,100.5643,98.92233,101.2777
1996-04,100.2148,100.2,99.10178,101.6837
1996-05,100.3275,99.7813,99.2697,102.318
1996-06,100.4416,99.33296,99.40595,103.1649
1996-07,100.5482,98.88628,99.50115,104.0947
1996-08,100.61,98.47367,99.57644,104.5876
1996-09,100.6521,98.12917,99.64787,104.8257
1996-10,100.6779,97.87667,99.72057,104.7893
1996-11,100.6896,97.73045,99.80312,104.4932
1996-12,100.7027,97.6998,99.89185,104.0188
1997-01,100.7222,97.75163,99.99578,103.4315
1997-02,100.7505,97.86861,100.1232,102.8563
1997-03,100.7799,98.0402,100.2604,102.3284
1997-04,100.7924,98.25919,100.4026,101.7084
1997-05,100.7768,98.48487,100.5447,100.9585
1997-06,100.7403,98.63699,100.6809,100.1594
1997-07,100.6806,98.61126,100.8002,99.42525
1997-08,100.5917,98.33929,100.8862,98.80666
1997-09,100.4779,97.80242,100.9439,98.31606
1997-10,100.3357,97.06998,100.9744,97.94942
1997-11,100.1716,96.26856,100.9722,97.68969
1997-12,100.0018,95.54642,100.936,97.5218
1998-01,99.83931,95.02518,100.8836,97.4436
1998-02,99.69048,94.76227,100.8152,97.49128
1998-03,99.54308,94.7593,100.7125,97.67121
1998-04,99.38338,94.97854,100.5729,97.93584
1998-05,99.21028,95.37722,100.3983,98.22526
1998-06,99.03088,95.91865,100.2001,98.48689
1998-07,98.86476,96.56539,100.0091,98.70759
1998-08,98.73279,97.2609,99.84957,98.90219
1998-09,98.65772,97.95296,99.75366,99.05746
1998-10,98.65943,98.62268,99.75584,99.1707
1998-11,98.74949,99.31369,99.85917,99.24924
1998-12,98.91579,100.0826,100.0269,99.31187
1999-01,99.145,100.9439,100.2337,99.39626
1999-02,99.41199,101.8637,100.4442,99.53124
1999-03,99.69677,102.7817,100.6336,99.74239
1999-04,99.98619,103.6327,100.7995,99.99721
1999-05,100.2607,104.374,100.9419,100.2447
1999-06,100.5089,104.9785,101.0502,100.4073
1999-07,100.7161,105.4146,101.1278,100.4106
1999-08,100.8855,105.6437,101.1843,100.2933
1999-09,101.0345,105.6669,101.2337,100.1281
1999-10,101.1773,105.5124,101.2843,99.97215
1999-11,101.3168,105.2344,101.3366,99.86284
1999-12,101.4393,104.8473,101.3727,99.80142
2000-01,101.5317,104.387,101.3663,99.78369
2000-02,101.576,103.9028,101.3013,99.7786
2000-03,101.5749,103.4638,101.2056,99.74373
2000-04,101.5269,103.093,101.0877,99.62334
2000-05,101.4357,102.7531,100.9421,99.42539
2000-06,101.3102,102.3974,100.7777,99.17046
2000-07,101.1497,101.9604,100.5951,98.84561
2000-08,100.9528,101.3991,100.3799,98.46908
2000-09,100.7208,100.6949,100.1293,98.07899
2000-10,100.4552,99.88306,99.82663,97.74408
2000-11,100.162,99.04237,99.48214,97.4915
2000-12,99.8468,98.26681,99.11117,97.29028
2001-01,99.53506,97.63174,98.77273,97.13235
2001-02,99.25975,97.22614,98.51316,97.03899
2001-03,99.03609,97.06183,98.34508,97.00073
2001-04,98.8616,97.06623,98.26022,96.96481
2001-05,98.72942,97.16994,98.23349,96.89915
2001-06,98.60658,97.34422,98.21012,96.81035
2001-07,98.49088,97.59779,98.1655,96.71117
2001-08,98.3929,97.92757,98.10251,96.64568
2001-09,98.3354,98.33939,98.06171,96.64861
2001-10,98.35954,98.86048,98.11282,96.74061
2001-11,98.47874,99.48721,98.28177,96.91889
2001-12,98.6738,100.1731,98.54745,97.15714
2002-01,98.90765,100.8531,98.85529,97.42912
2002-02,99.14635,101.4647,99.14733,97.74155
2002-03,99.35208,101.9476,99.3671,98.10043
2002-04,99.47768,102.2314,99.45882,98.44571
2002-05,99.50424,102.3109,99.4026,98.75486
2002-06,99.44305,102.2277,99.20714,99.03095
2002-07,99.3259,102.0354,98.92509,99.27291
2002-08,99.18934,101.7563,98.6237,99.50003
2002-09,99.05585,101.4176,98.34384,99.74023
2002-10,98.94353,101.0167,98.12337,100.0019
2002-11,98.8585,100.5516,97.97747,100.2814
2002-12,98.7841,100.0129,97.8793,100.5422
2003-01,98.71127,99.42358,97.8074,100.7664
2003-02,98.65523,98.88531,97.77245,100.962
2003-03,98.64395,98.49126,97.80661,101.14
2003-04,98.6973,98.28127,97.93738,101.2669
2003-05,98.81063,98.2618,98.15965,101.3319
2003-06,98.9804,98.41458,98.44695,101.3657
2003-07,99.19463,98.68819,98.7849,101.3836
2003-08,99.44387,99.02547,99.16252,101.4107
2003-09,99.71722,99.35686,99.56779,101.4591
2003-10,99.99089,99.64713,99.97891,101.5177
2003-11,100.2372,99.883,100.3624,101.5736
2003-12,100.4327,100.0611,100.6847,101.5871
2004-01,100.567,100.1824,100.9281,101.5366
2004-02,100.6398,100.2469,101.0741,101.4388
2004-03,100.6601,100.2707,101.1392,101.2703
2004-04,100.6407,100.2794,101.1379,101.0424
2004-05,100.602,100.2699,101.0917,100.811
2004-06,100.562,100.2519,101.0105,100.6406
2004-07,100.5249,100.2272,100.901,100.5379
2004-08,100.4957,100.1834,100.7799,100.4861
2004-09,100.4816,100.1128,100.6743,100.4545
2004-10,100.4763,100.0143,100.6026,100.411
2004-11,100.4724,99.91435,100.5735,100.3566
2004-12,100.4514,99.83848,100.56,100.2847
2005-01,100.399,99.81336,100.5259,100.2111
2005-02,100.3172,99.84553,100.4643,100.1608
2005-03,100.2217,99.90094,100.3864,100.1574
2005-04,100.1359,99.96384,100.3287,100.1906
2005-05,100.0796,100.0606,100.3168,100.2413
2005-06,100.0646,100.2151,100.3488,100.3045
2005-07,100.0859,100.4189,100.3999,100.3531
2005-08,100.1366,100.6513,100.4736,100.3694
2005-09,100.2144,100.8716,100.5827,100.3492
2005-10,100.3215,101.0459,100.7375,100.319
2005-11,100.4537,101.1405,100.9225,100.3041
2005-12,100.5927,101.1408,101.098,100.3171
2006-01,100.7205,101.046,101.2332,100.3645
2006-02,100.8267,100.8875,101.3183,100.4514
2006-03,100.9078,100.6995,101.3475,100.5768
2006-04,100.9609,100.5102,101.3178,100.7316
2006-05,100.9879,100.3422,101.2539,100.8836
2006-06,101.0032,100.2273,101.1951,100.9972
2006-07,101.0261,100.1965,101.1609,101.069
2006-08,101.0804,100.2458,101.173,101.1461
2006-09,101.1784,100.3175,101.2374,101.2867
2006-10,101.3148,100.3657,101.3339,101.5219
2006-11,101.4806,100.3711,101.4489,101.861
2006-12,101.6599,100.3591,101.5726,102.2812
2007-01,101.8379,100.3647,101.6929,102.7614
2007-02,102.0226,100.4265,101.8107,103.2985
2007-03,102.2124,100.5522,101.9325,103.9096
2007-04,102.3902,100.745,102.048,104.5074
2007-05,102.5228,100.9763,102.1358,104.9494
2007-06,102.5837,101.2001,102.1816,105.1183
2007-07,102.5636,101.3564,102.1689,104.9846
2007-08,102.4788,101.3895,102.0947,104.6495
2007-09,102.3484,101.2823,101.9867,104.1368
2007-10,102.1863,101.0216,101.8655,103.499
2007-11,102.0016,100.6293,101.7365,102.8374
2007-12,101.8048,100.1483,101.6119,102.197
2008-01,101.5824,99.61987,101.482,101.5453
2008-02,101.3133,99.09706,101.3348,100.8464
2008-03,101.003,98.61339,101.1727,100.1218
2008-04,100.6318,98.1769,100.9706,99.30723
2008-05,100.176,97.78619,100.6945,98.37817
2008-06,99.62308,97.43507,100.3053,97.36194
2008-07,98.96833,97.14053,99.76849,96.32467
2008-08,98.23203,96.90742,99.06972,95.33537
2008-09,97.4471,96.73167,98.22369,94.48968
2008-10,96.67867,96.65382,97.29369,93.87437
2008-11,96.02972,96.76084,96.40316,93.56408
2008-12,95.58124,97.11102,95.65351,93.58292
2009-01,95.37582,97.70058,95.10912,93.93272
2009-02,95.43565,98.47741,94.80743,94.54605
2009-03,95.72496,99.31274,94.76588,95.33152
2009-04,96.20582,100.1243,94.97402,96.22922
2009-05,96.81324,100.8464,95.36305,97.20661
2009-06,97.48451,101.4606,95.86156,98.22069
2009-07,98.15551,101.9669,96.40684,99.17849
2009-08,98.77332,102.3536,96.95816,99.96336
2009-09,99.31079,102.603,97.48586,100.5525
2009-10,99.75755,102.713,97.97443,100.9783
2009-11,100.1159,102.7162,98.42339,101.2622
2009-12,100.3848,102.6409,98.83603,101.367
2010-01,100.5694,102.504,99.19196,101.3113
2010-02,100.6736,102.3384,99.45592,101.1394
2010-03,100.723,102.175,99.63177,100.9194
2010-04,100.7163,102.0181,99.70278,100.6587
2010-05,100.6642,101.8613,99.67941,100.3779
2010-06,100.6014,101.6896,99.60159,100.1318
2010-07,100.5684,101.4881,99.5345,99.9805
2010-08,100.5876,101.2693,99.52859,99.93863
2010-09,100.6568,101.0516,99.5961,99.9921
2010-10,100.7619,100.8701,99.72475,100.1134
2010-11,100.88,100.7647,99.90531,100.2403
2010-12,100.9828,100.7382,100.0981,100.3378
2011-01,101.054,100.7541,100.2621,100.4211
2011-02,101.0726,100.7438,100.3617,100.4945
2011-03,101.0304,100.6556,100.3609,100.5524
2011-04,100.9246,100.4899,100.2568,100.5625
2011-05,100.7664,100.2548,100.0613,100.5311
2011-06,100.5687,99.96677,99.79648,100.4544
2011-07,100.3491,99.64659,99.51202,100.3256
2011-08,100.1297,99.30627,99.27126,100.1384
2011-09,99.94743,98.97445,99.14385,99.92548
2011-10,99.8286,98.68064,99.1609,99.7252
2011-11,99.7753,98.4645,99.30244,99.57126
2011-12,99.77147,98.37138,99.51639,99.47606
2012-01,99.79294,98.39604,99.73031,99.44932
2012-02,99.81126,98.50616,99.87999,99.48215
2012-03,99.80525,98.64748,99.93862,99.53484
2012-04,99.76834,98.78035,99.90973,99.59072
2012-05,99.71369,98.8741,99.81665,99.66333
2012-06,99.6556,98.92191,99.7001,99.74448
2012-07,99.61315,98.92393,99.61107,99.83131
2012-08,99.59615,98.91375,99.57658,99.91851
2012-09,99.61156,98.91364,99.60959,100.0122
2012-10,99.65756,98.92697,99.68399,100.1299
2012-11,99.73067,98.96646,99.7816,100.2798
2012-12,99.82475,99.0467,99.90484,100.4474
2013-01,99.92667,99.14971,100.0479,100.6094
2013-02,100.0258,99.28518,100.1935,100.7453
2013-03,100.1112,99.45332,100.3152,100.8653
2013-04,100.1821,99.61241,100.4289,100.965
2013-05,100.2459,99.73396,100.5415,101.0611
2013-06,100.3018,99.79641,100.6308,101.155
2013-07,100.3491,99.789,100.6855,101.2421
2013-08,100.3877,99.74217,100.7186,101.2981
2013-09,100.4128,99.67052,100.733,101.3118
2013-10,100.4222,99.60455,100.7379,101.2877
2013-11,100.4173,99.56745,100.7422,101.2311
2013-12,100.3942,99.56797,100.735,101.1342
2014-01,100.3592,99.58395,100.7228,100.9981
2014-02,100.3307,99.59534,100.7397,100.8473
2014-03,100.315,99.59126,100.7861,100.7005
2014-04,100.3005,99.56619,100.8438,100.5607
2014-05,100.2845,99.53326,100.8947,100.4418
2014-06,100.2683,99.51272,100.9321,100.3477
2014-07,100.2541,99.52171,100.9509,100.2803
2014-08,100.2418,99.58007,100.9536,100.2332
2014-09,100.2317,99.6861,100.9415,100.1964
2014-10,100.2229,99.83502,100.9111,100.1835
2014-11,100.216,100.016,100.8628,100.2031
2014-12,100.206,100.1953,100.7913,100.2319
2015-01,100.19,100.3329,100.6984,100.2414
2015-02,100.1762,100.4281,100.5908,100.2736
2015-03,100.1713,100.4812,100.479,100.3744
2015-04,100.159,100.4929,100.3679,100.4817
2015-05,100.1193,100.4722,100.2509,100.527
2015-06,100.042,100.4319,100.1236,100.4684
2015-07,99.92787,100.3994,99.96454,100.304
2015-08,99.80058,100.3801,99.78577,100.0941
2015-09,99.68508,100.375,99.6132,99.90418
2015-10,99.59638,100.3697,99.47058,99.7775
2015-11,99.52686,100.3587,99.35024,99.70998
2015-12,99.46882,100.3425,99.2452,99.67348
2016-01,99.42728,100.3284,99.15961,99.66734
2016-02,99.40908,100.3357,99.1012,99.70451
2016-03,99.42615,100.3702,99.08051,99.80458
2016-04,99.46573,100.4234,99.07968,99.93391
2016-05,99.51707,100.4936,99.08284,100.077
2016-06,99.5765,100.5825,99.08411,100.2311
2016-07,99.64727,100.6865,99.10204,100.3894
2016-08,99.72534,100.8031,99.14976,100.5238
2016-09,99.81296,100.9174,99.24076,100.6346
2016-10,99.90905,101.0219,99.36996,100.7325
2016-11,100.0078,101.1358,99.52043,100.8245
2016-12,100.1022,101.2719,99.66994,100.8909
2017-01,100.1883,101.4141,99.78886,100.9362
2017-02,100.2727,101.5406,99.86582,100.9911
2017-03,100.3569,101.6303,99.90123,101.061
2017-04,100.4386,101.6688,99.9118,101.1322
2017-05,100.5198,101.6547,99.9182,101.1997
2017-06,100.5991,101.5976,99.93515,101.2387
2017-07,100.6691,101.4941,99.96922,101.216
2017-08,100.7255,101.3538,100.0458,101.1107
2017-09,100.7615,101.1871,100.1553,100.9236
2017-10,100.7772,101.0014,100.2851,100.684
2017-11,100.7751,100.7919,100.4162,100.4282
2017-12,100.7526,100.5815,100.5424,100.1611
2018-01,100.7141,100.3992,100.6655,99.90399
2018-02,100.6631,100.2538,100.7761,99.67872
2018-03,100.5993,100.1292,100.8439,99.50923
2018-04,100.5188,100.0217,100.8638,99.37345
2018-05,100.4246,99.9194,100.8467,99.2505
2018-06,100.3136,99.80775,100.8001,99.11948
2018-07,100.1871,99.69281,100.726,98.97876
2018-08,100.048,99.58318,100.6268,98.83254
2018-09,99.90292,99.4761,100.487,98.69419
2018-10,99.76052,99.37083,100.3006,98.56899
2018-11,99.63218,99.28336,100.0835,98.46382
2018-12,99.52057,99.22568,99.85837,98.37788
2019-01,99.43095,99.18227,99.64784,98.31932
2019-02,99.36185,99.14098,99.46994,98.28524
2019-03,99.30685,99.07561,99.3269,98.27589
2019-04,99.25102,98.9773,99.19789,98.26574
2019-05,99.19327,98.87099,99.08086,98.25307
2019-06,99.1394,98.77446,98.97908,98.24223
2019-07,99.09343,98.68137,98.89725,98.22466
2019-08,99.05951,98.61745,98.84485,98.18558
2019-09,99.04608,98.5979,98.8483,98.12689
2019-10,99.05617,98.6321,98.90166,98.07567
2019-11,99.08731,98.70782,98.98172,98.06784
2019-12,99.12466,98.79677,99.05705,98.11706
2020-01,99.15295,98.8588,99.08981,98.22908
2020-02,95.30182,98.90875,99.05001,83.35606
2020-03,94.12148,98.96497,97.64416,87.97593
2020-04,89.48086,99.053,92.73952,91.43061
2020-05,93.37876,99.19498,94.34312,95.6731
2020-06,96.45997,99.42341,96.19563,97.76945
2020-07,98.07169,99.72872,97.73042,99.3174
2020-08,98.97478,100.0898,98.43022,100.8077
2020-09,99.50457,100.4788,98.73109,101.255
2020-10,99.90187,100.8685,99.09852,101.6288
2020-11,100.1995,101.2503,99.49722,101.922
2020-12,100.5072,101.6227,99.91494,102.0921
2021-01,100.7109,101.9877,100.2894,102.1334
2021-02,100.9057,102.3216,100.6625,102.0595
2021-03,101.1242,102.5972,100.9877,101.9038
2021-04,101.2883,102.7822,101.2587,101.6724
2021-05,101.3644,102.8267,101.3385,101.3813
2021-06,101.3905,102.7147,101.3458,101.0415
2021-07,101.2917,102.4767,101.2973,100.6632
2021-08,101.1695,102.1623,101.2267,100.264
2021-09,101.048,101.8099,101.1682,99.87409
2021-10,100.9453,101.4674,101.1261,99.53088
2021-11,100.8048,101.1814,101.0903,99.25204
2021-12,100.6496,100.9622,101.0376,98.99711
2022-01,100.4676,100.7854,100.9502,98.73317
2022-02,100.2589,100.6425,100.8209,98.46532
2022-03,100.0302,100.5213,100.6347,98.21017
2022-04,99.79232,100.395,100.3905,97.96587
2022-05,99.55286,100.2366,100.0925,97.7533
2022-06,99.32236,100.0387,99.78333,97.58304
2022-07,99.1218,99.81622,99.51361,97.46145
2022-08,98.96855,99.57501,99.30395,97.41216
2022-09,98.8669,99.29005,99.14104,97.44743
2022-10,98.82395,98.96447,99.01358,97.57426
2022-11,98.84099,98.63995,98.91754,97.80086
2022-12,98.91616,98.3773,98.85963,98.10383
2023-01,99.0202,98.20869,98.82781,98.45372
2023-02,99.14601,98.16879,98.81178,98.83056
2023-03,99.27693,98.25603,98.81907,99.19034
2023-04,99.40008,98.43835,98.8686,99.50423
2023-05,99.52968,98.68701,98.95812,99.7865
2023-06,99.63686,98.95601,99.0747,100.0512
2023-07,99.73433,99.19554,99.18517,100.2909
2023-08,99.80575,99.41836,99.27138,100.4884
2023-09,99.86161,99.63581,99.33053,100.6466
2023-10,99.91956,99.85529,99.37683,100.7908
2023-11,99.99977,100.0822,99.44604,100.9406
2023-12,100.1034,100.3084,99.55394,101.0964
2024-01,100.2255,100.519,99.69483,101.2657
2024-02,100.3614,100.7164,99.85309,101.4638
2024-03,100.5143,100.9013,100.0135,101.7024